stores_type,total_revenue,total_order,AOV
In-store,43918096.155766,20746,2116.9428398614673
Online,11431369.946021,5580,2048.632606813799
